<settings>
    <setting id="SABNZBD_IP" value="0.0.0.0" />
    <setting id="SABNZBD_PWD" value="" />
    <setting id="SABNZBD_USER" value="" />
    <setting id="SABNZBD_KEEP_AWAKE" value="false" />
    <setting id="PERIODIC_WAKE" value="false" />
    <setting id="WAKE_AT" value="1" />
    <setting id="SABNZBD_LAUNCH" value="true" />
    <setting id="SICKBEARD_LAUNCH" value="true" />
    <setting id="COUCHPOTATO_LAUNCH" value="true" />
    <setting id="HEADPHONES_LAUNCH" value="true" />
    <setting id="RESTART_ON_RESUME" value="true" />
</settings>
