<?xml version="1.0" encoding="UTF-8" standalone="yes"?>
<addon id="repository.josh5" name="TinyHTPC XBMC Add-on Repository" version="1.0.3" provider-name="TinyHTPC.co.nz">
    <extension point="xbmc.addon.repository" name="TinyHTPC XBMC Add-on Repository">
        <info compressed="false">https://bitbucket.org/Josh5/repository-josh5/raw/51c79512259ef99d4531bffbc0db135e146fbc76/addons.xml</info>
        <checksum>https://bitbucket.org/Josh5/repository-josh5/raw/51c79512259ef99d4531bffbc0db135e146fbc76/addons.xml.md5</checksum>
        <datadir zip="true">https://bitbucket.org/Josh5/repository-josh5/raw/51c79512259ef99d4531bffbc0db135e146fbc76/repo</datadir>
    </extension>
    <extension point="xbmc.addon.metadata">
        <summary>Install TinyHTPC Addons</summary>
        <description>Download and install addons by Josh.5 - TinyHTPC.co.nz</description>
        <platform>all</platform>
    </extension>
</addon>
