<?xml version="1.0" encoding="UTF-8" standalone="yes"?>
<addon id="repository.josh5" name="TinyHTPC XBMC Add-on Repository" version="1.0.2" provider-name="TinyHTPC.co.nz">
    <extension point="xbmc.addon.repository" name="TinyHTPC XBMC Add-on Repository">
        <info compressed="false">https://raw.githubusercontent.com/Josh5/repository-josh5/master/addons.xml</info>
        <checksum>https://raw.githubusercontent.com/Josh5/repository-josh5/master/addons.xml.md5</checksum>
        <datadir zip="true">https://raw.githubusercontent.com/Josh5/repository-josh5/master/repo</datadir>
    </extension>
    <extension point="xbmc.addon.metadata">
        <summary>Install TinyHTPC Addons</summary>
        <description>Download and install addons by Josh.5 - TinyHTPC.co.nz</description>
        <platform>all</platform>
    </extension>
</addon>
