<?xml version="1.0" encoding="UTF-8" standalone="yes"?>
<addon id="script.module.internetpvr"
       name="Internet PVR Suite"
       version="0.0.1"
       provider-name="Josh.5">
  <requires>
    <import addon="xbmc.addon" version="12.0.0"/>
    <import addon="xbmc.python" version="2.1.0"/>
  </requires>
  <extension point="xbmc.python.script"
             library="default.py">
        <provides>executable</provides>
  </extension>
  <extension point="xbmc.addon.metadata">
    <summary lang="en">Please install the InternetPVR service addon. This will do nothing on its own.</summary>
    <description lang="en">Please install the InternetPVR service addon. This will do nothing on its own.</description>
    <platform>linux</platform>
  </extension>
</addon>
