<settings>
    <setting id="COUCHPOTATO_LAUNCH" value="true" />
    <setting id="HEADPHONES_LAUNCH" value="true" />
    <setting id="InternetPVR_IP" value="0.0.0.0" />
    <setting id="InternetPVR_MODE" value="true" />
    <setting id="InternetPVR_PWD" value="" />
    <setting id="InternetPVR_USER" value="" />
    <setting id="MOVIES_DIR" value="/root/Movies" />
    <setting id="MUSIC_DIR" value="/root/Music" />
    <setting id="RESTART_ON_RESUME" value="false" />
    <setting id="SICKBEARD_LAUNCH" value="true" />
    <setting id="TRANSMISSION_DL_DIR" value="/root/Downloads/" />
    <setting id="TVSHOW_DIR" value="/root/TVShows" />
</settings>
